name,mass,radius,orbital_period,star_name,star_distance,star_age
109 Psc b,5.743,1.152,1075.4,109 Psc,32.56,6.9
51 Eri Ab,4.1,1.11,10260.0,51 Eri A,29.4,0.02
51 Peg b,0.47,1.9,4.2308,51 Peg,15.4614,4.0
55 Cnc Ae,0.02703,0.1737,0.7365478,55 Cnc A,12.5855,10.2
AF Lep b,3.75,1.3,8875.0,AF Lep,26.843,0.024
AU Mic b,0.028,0.4273,8.463446,AU Mic,9.79,0.022
AU Mic c,0.0456,0.2248,18.859023,AU Mic,9.79,0.022
BD+20 594 b,0.07,0.23,41.6855,BD+20 594,180.39,3.34
beta Pic b,11.9,1.65,7707.0,beta Pic,19.3,0.04
beta Pic c,8.89,1.2,1227.0,beta Pic,19.3,0.04
CD-35 2722 b,7.3,1.62,1963700.0,CD-35 2722,22.36,0.133
CoRoT-10 b,2.75,0.97,13.2406,CoRoT-10,345.0,3.0
CoRoT-11 b,2.33,1.43,2.994325,CoRoT-11,560.0,2.0
CoRoT-12 b,0.917,1.44,2.8280517,CoRoT-12,1150.0,6.3
CoRoT-13 b,1.308,0.885,4.0350906,CoRoT-13,1310.0,1.64
CoRoT-14 b,7.6,1.09,1.51214,CoRoT-14,1340.0,4.2
CoRoT-16 b,0.535,1.17,5.35227,CoRoT-16,840.0,6.73
CoRoT-17 b,2.43,1.02,3.768125,CoRoT-17,920.0,10.7
CoRoT-19 b,1.11,1.29,3.8971372,CoRoT-19,800.0,5.0
CoRoT-20 b,4.24,0.84,9.2431839,CoRoT-20,1230.0,0.1
CoRoT-21 b,2.26,1.3,2.72474,CoRoT-21,1400.0,4.1
CoRoT-22 b,0.06,0.4354,9.75598,CoRoT-22,592.0,3.3
CoRoT-23 b,2.8,1.08,3.6314,CoRoT-23,600.0,7.2
CoRoT-24 b,0.018,0.33,5.1134,CoRoT-24,600.0,11.0
CoRoT-24 c,0.088,0.44,11.759,CoRoT-24,600.0,11.0
CoRoT-25 b,0.27,1.08,4.86069,CoRoT-25,1000.0,5.2
CoRoT-26 b,0.52,1.26,4.20474,CoRoT-26,1670.0,8.6
CoRoT-29 b,0.85,0.9,2.85057,CoRoT-29,765.0,4.5
CoRoT-2 Ab,3.31,1.465,1.7429964,CoRoT-2 A,213.283,0.128
CoRoT-30 b,2.9,1.009,9.06005,CoRoT-30,960.0,3.0
CoRoT-31 b,0.84,1.46,4.62941,CoRoT-31,2190.0,4.7
CoRoT-35 b,1.1,1.68,3.22748,CoRoT-35,1140.0,6.1
CoRoT-36 b,0.68,1.41,5.616531,CoRoT-36,954.0,2.1
CoRoT-5 b,0.467,1.33,4.0379148,CoRoT-5,400.0,6.9
CoRoT-7 Ab,0.01907,0.136,0.8535,CoRoT-7 A,150.0,1.5
CoRoT-8 b,0.2158,0.5692,6.21229,CoRoT-8,380.0,3.0
CoRoT-9 Ab,0.84,0.94,95.273804,CoRoT-9 A,460.0,4.0
DH Tau b,12.0,2.6,2722900.0,DH Tau,134.85,0.0007
DS Tuc Ab,0.0453,0.5085,8.138268,DS Tuc A,44.12,0.04
G 9-40 b,0.013,0.17,5.7459982,G 9-40,27.93,9.9
GJ 1018 b,0.00843,0.1356,7.397225,GJ 1018,22.075,7.0
GJ 1132 b,0.00522,0.1035,1.628931,GJ 1132,12.04,5.0
GJ 1214 b,0.02571,0.24463,1.580404497,GJ 1214,13.0,6.0
GJ 143 b,0.0714,0.2329,35.61253,GJ 143,16.33,3.8
GJ 143 c,0.01164,0.07958,7.78993,GJ 143,16.33,3.8
GJ 3470 b,0.0437,0.38826,3.336649,GJ 3470,30.7,1.6
GJ 436 b,0.05836,0.32519,2.64394,GJ 436,10.2,6.0
GJ 777 Ad,0.0362,0.18,88.69,GJ 777 A,16.0069,8.2
Gliese 12 b,0.00223,0.08065,12.761416,Gliese 12,12.162,7.0
HAT-P-10 Ab,0.46,1.045,3.722469,HAT-P-10 A,125.0,11.2
HAT-P-11 b,0.0736,0.389,4.887802443,HAT-P-11,37.89,6.5
HAT-P-12 b,0.210489884529,0.949,3.2130598,HAT-P-12,142.5,2.5
HAT-P-13 b,0.9,1.44,2.916415,HAT-P-13,214.0,5.0
HAT-P-14 Ab,2.444,1.01,4.627686,HAT-P-14 A,205.0,1.3
HAT-P-15 b,1.946,1.072,10.863502,HAT-P-15,190.0,6.8
HAT-P-16 Ab,4.193,1.289,2.77596,HAT-P-16 A,235.0,2.0
HAT-P-17 b,0.571,0.98,10.3385308,HAT-P-17,90.0,7.8
HAT-P-18 Ab,0.183,0.947,5.508029,HAT-P-18 A,166.0,12.4
HAT-P-19 b,0.292,1.132,4.008784,HAT-P-19,215.0,8.8
HAT-P-1 Bb,0.525,1.319,4.46529976,HAT-P-1 B,139.0,3.6
HAT-P-20 Ab,7.246,0.867,2.875317,HAT-P-20 A,70.0,6.7
HAT-P-21 b,4.063,1.024,4.124461,HAT-P-21,254.0,10.2
HAT-P-22 Ab,2.147,1.08,3.21222,HAT-P-22 A,82.0,12.4
HAT-P-23 Ab,2.09,1.368,1.212884,HAT-P-23 A,393.0,4.0
HAT-P-24 Ab,0.685,1.242,3.35524,HAT-P-24 A,405.0,2.8
HAT-P-25 b,0.567,1.19,3.652836,HAT-P-25,297.0,3.2
HAT-P-26 b,0.0585,0.57,4.234502,HAT-P-26,134.0,9.0
HAT-P-27 Ab,0.66,1.055,3.0395803,HAT-P-27 A,204.0,4.4
HAT-P-28 b,0.626,1.212,3.257215,HAT-P-28,395.0,6.1
HAT-P-29 b,0.778,1.107,5.723186,HAT-P-29,322.0,2.2
HAT-P-2 b,8.74,0.951,5.6334729,HAT-P-2,118.0,2.7
HAT-P-30 Ab,0.723,1.41,2.81060078,HAT-P-30 A,193.0,1.0
HAT-P-31 b,2.171,1.07,5.005425,HAT-P-31,354.0,3.17
HAT-P-32 Ab,0.75,1.789,2.15000825,HAT-P-32 A,320.0,3.8
HAT-P-33 Ab,0.763,1.827,3.474474,HAT-P-33 A,419.0,2.4
HAT-P-34 b,3.64,1.142,5.4526482,HAT-P-34,257.0,1.7
HAT-P-35 Ab,1.054,1.332,3.646706,HAT-P-35 A,535.0,3.5
HAT-P-36 b,1.832,1.264,1.327347,HAT-P-36,317.0,6.6
HAT-P-37 b,1.169,1.178,2.797436,HAT-P-37,411.0,3.6
HAT-P-38 b,0.267,0.825,4.640382,HAT-P-38,249.0,10.1
HAT-P-39 Ab,0.599,1.571,3.54387,HAT-P-39 A,642.0,2.0
HAT-P-3 Ab,0.591,0.827,2.899703,HAT-P-3 A,130.0,1.6
HAT-P-40 b,0.615,1.73,4.457243,HAT-P-40,501.0,2.7
HAT-P-41 Ab,0.8,1.685,2.694047,HAT-P-41 A,348.185,2.2
HAT-P-42 b,0.975,1.277,4.641876,HAT-P-42,447.0,5.1
HAT-P-43 b,0.66,1.283,3.332688,HAT-P-43,543.0,5.7
HAT-P-44 Bb,0.392,1.28,4.301217,HAT-P-44 B,374.0,8.9
HAT-P-45 Ab,0.892,1.426,3.128992,HAT-P-45 A,305.0,2.0
HAT-P-46 b,0.493,1.284,4.463129,HAT-P-46,296.0,2.5
HAT-P-47 b,0.206,1.313,4.732182,HAT-P-47,268.0,1.5
HAT-P-48 b,0.168,1.131,4.40865,HAT-P-48,305.0,4.7
HAT-P-49 b,1.73,1.448,2.6915575,HAT-P-49,322.0,1.5
HAT-P-4 b,0.68,1.27,3.0565114,HAT-P-4,310.0,4.2
HAT-P-50 b,1.36,1.288,3.1220109,HAT-P-50,597.0,3.37
HAT-P-51 Ab,0.309,1.293,4.2180278,HAT-P-51 A,470.0,8.2
HAT-P-52 b,0.819,1.009,2.7535953,HAT-P-52,385.0,9.4
HAT-P-53 b,1.487,1.318,1.9616241,HAT-P-53,719.0,4.67
HAT-P-54 b,0.76,0.944,3.799847,HAT-P-54,135.8,3.9
HAT-P-55 b,0.582,1.182,3.5852467,HAT-P-55,480.0,4.2
HAT-P-56 b,2.31,1.51,2.79083,HAT-P-56,323.5,2.01
HAT-P-57 Ab,1.85,1.413,2.465295,HAT-P-57 A,303.0,1.0
HAT-P-58 b,0.372,1.332,4.013837,HAT-P-58,519.0,7.11
HAT-P-59 b,1.54,1.123,4.1419771,HAT-P-59,267.3,7.3
HAT-P-5 b,1.06,1.252,2.788491,HAT-P-5,340.0,1.7
HAT-P-60 b,0.574,1.631,4.7947813,HAT-P-60,235.4,2.765
HAT-P-61 b,1.057,0.899,1.90231289,HAT-P-61,343.2,2.6
HAT-P-62 b,0.761,1.073,2.6453235,HAT-P-62,353.1,8.1
HAT-P-63 b,0.614,1.119,3.377728,HAT-P-63,408.0,9.0
HAT-P-64 b,0.58,1.703,4.007232,HAT-P-64,635.0,2.88
HAT-P-65 b,0.527,1.89,2.6054552,HAT-P-65,841.0,5.46
HAT-P-66 b,0.783,1.59,2.972086,HAT-P-66,927.0,4.66
HAT-P-67 Ab,0.45,2.14,4.8101088,HAT-P-67 A,371.686,1.24
HAT-P-68 b,0.724,1.072,2.29840551,HAT-P-68,202.0,11.1
HAT-P-69 b,3.58,1.676,4.7869491,HAT-P-69,343.9,1.27
HAT-P-6 b,1.11,1.275,3.8529972,HAT-P-6,200.0,2.3
HAT-P-70 b,6.78,1.87,2.74432452,HAT-P-70,329.0,0.6
HAT-P-7 Ab,1.79,1.51,2.20473825,HAT-P-7 A,320.0,2.07
HAT-P-8 Ab,1.35,1.42,3.076318,HAT-P-8 A,211.553,3.4
HAT-P-9 b,0.67,1.4,3.922814,HAT-P-9,480.0,1.6
HATS-10 b,0.526,0.969,3.312846,HATS-10,496.0,3.3
HATS-11 b,0.85,1.609,3.619188,HATS-11,944.603,7.7
HATS-12 b,2.38,0.692,3.142702,HATS-12,512.41,2.36
HATS-13 b,0.543,1.212,3.0440499,HATS-13,476.0,2.5
HATS-14 b,1.071,1.039,2.7667641,HATS-14,513.0,4.9
HATS-15 b,2.17,1.105,1.74748753,HATS-15,689.0,11.0
HATS-16 b,3.27,1.3,2.686502,HATS-16,774.0,9.5
HATS-17 b,1.338,0.777,16.254611,HATS-17,339.0,2.1
HATS-18 b,1.98,1.337,0.8378434,HATS-18,645.0,4.2
HATS-19 b,0.427,1.66,4.569673,HATS-19,780.0,3.94
HATS-1 Ab,1.855,1.302,3.446459,HATS-1 A,303.0,6.0
HATS-20 b,0.273,0.776,3.7992969,HATS-20,454.0,6.4
HATS-21 b,0.332,1.123,3.5543973,HATS-21,286.0,2.3
HATS-22 b,2.74,0.953,4.7228124,HATS-22,207.9,4.6
HATS-23 b,1.47,1.86,2.1605156,HATS-23,747.0,4.2
HATS-24 b,2.44,1.487,1.3484954,HATS-24,510.0,0.88
HATS-25 b,0.613,1.26,4.2986432,HATS-25,466.0,7.5
HATS-26 b,0.65,1.75,3.3023881,HATS-26,907.0,4.04
HATS-27 b,0.53,1.5,4.637038,HATS-27,840.0,2.3
HATS-28 b,0.672,1.194,3.1810781,HATS-28,521.0,6.2
HATS-29 b,0.653,1.251,4.6058749,HATS-29,351.0,5.5
HATS-2 b,1.345,1.168,1.354133,HATS-2,360.0,9.7
HATS-30 Ab,0.706,1.175,3.1743516,HATS-30 A,339.0,2.3
HATS-31 b,0.88,1.64,3.37796,HATS-31,872.0,4.3
HATS-32 b,0.92,1.249,2.8126548,HATS-32,839.0,3.5
HATS-33 b,1.192,1.23,2.5495551,HATS-33,355.0,3.0
HATS-34 b,0.941,1.43,2.1061607,HATS-34,532.0,7.7
HATS-35 b,1.222,1.464,1.8209933,HATS-35,557.0,2.13
HATS-36 b,2.79,1.153,4.175186,HATS-36,878.65,3.4
HATS-37 Ab,0.099,0.606,4.3315366,HATS-37 A,211.1,11.46
HATS-38 b,0.074,0.614,4.375021,HATS-38,347.7,11.89
HATS-39 b,0.63,1.57,4.5776348,HATS-39,773.0,2.06
HATS-3 b,1.071,1.381,3.547851,HATS-3,453.0,3.2
HATS-40 b,1.59,1.58,3.2642736,HATS-40,1431.0,2.07
HATS-41 b,9.7,1.33,4.193649,HATS-41,800.0,1.34
HATS-42 b,1.88,1.4,2.292102,HATS-42,942.0,3.26
HATS-43 b,0.261,1.18,4.3888497,HATS-43,341.0,8.6
HATS-44 b,0.56,1.067,2.7439004,HATS-44,463.0,9.7
HATS-45 b,0.7,1.286,4.1876244,HATS-45,818.0,1.52
HATS-46 b,0.173,0.903,4.7423729,HATS-46,448.0,3.0
HATS-47 Ab,0.369,1.117,3.9228038,HATS-47 A,301.7,8.1
HATS-48 Ab,0.243,0.8,3.1316666,HATS-48 A,265.4,11.97
HATS-49 b,0.353,0.765,4.1480467,HATS-49,324.6,10.5
HATS-4 b,1.323,1.02,2.516729,HATS-4,420.0,2.1
HATS-50 b,0.39,1.13,3.8297015,HATS-50,717.0,1.2
HATS-51 b,0.768,1.41,3.3488702,HATS-51,478.0,4.74
HATS-52 b,2.24,1.382,1.3665436,HATS-52,631.0,1.2
HATS-53 b,0.595,1.34,3.8537768,HATS-53,613.0,8.0
HATS-54 b,0.753,1.015,2.5441765,HATS-54,720.0,7.96
HATS-56 b,0.602,1.688,4.324799,HATS-56,577.1,1.894
HATS-57 Ab,3.147,1.13,2.350621,HATS-57 A,280.0,2.5
HATS-58 Ab,1.03,1.095,4.2180896,HATS-58 A,492.0,0.31
HATS-59 b,0.806,1.126,5.416081,HATS-59,654.0,4.3
HATS-5 b,0.237,0.912,4.763387,HATS-5,257.0,3.6
HATS-60 b,0.662,1.153,3.560829,HATS-60,494.7,7.53
HATS-61 b,3.4,1.195,7.817953,HATS-61,694.2,8.93
HATS-62 Ab,0.179,1.055,3.2768837,HATS-62 A,515.9,8.0
HATS-63 b,0.96,1.207,3.0566527,HATS-63,634.4,10.4
HATS-64 b,0.96,1.679,4.908897,HATS-64,1087.0,1.86
HATS-65 Ab,0.821,1.501,3.105161,HATS-65 A,491.0,1.42
HATS-66 b,5.33,1.411,3.1414391,HATS-66,1542.0,2.29
HATS-67 b,1.45,1.685,1.6091788,HATS-67,983.0,0.44
HATS-68 b,1.29,1.2321,3.5862202,HATS-68,619.0,3.14
HATS-69 b,0.577,0.945,2.2252577,HATS-69,420.3,8.0
HATS-70 b,12.9,1.384,1.8882378,HATS-70,1307.0,0.81
HATS-72 b,0.1254,0.7224,7.3279474,HATS-72,127.66,12.17
HATS-74 Ab,1.46,1.032,1.73185606,HATS-74 A,286.6,11.0
HATS-75 b,0.491,0.884,2.7886556,HATS-75,195.3,14.9
HATS-76 b,2.629,1.079,1.9416423,HATS-76,390.0,4.6
HATS-77 b,1.374,1.165,3.0876262,HATS-77,414.0,12.1
HATS-7 b,0.12,0.563,3.185315,HATS-7,257.0,7.8
HATS-8 b,0.138,0.873,3.583893,HATS-8,829.0,5.1
HATS-9 b,0.839,1.236,1.915291,HATS-9,654.36,10.8
HD 100546 b,1.65,6.9,91250.0,HD 100546,110.0,0.0048
HD 106315 b,0.033,0.214,9.55288,HD 106315,109.0,4.48
HD 106315 c,0.038,0.3908,21.05652,HD 106315,109.0,4.48
HD 110067 b,0.0179,0.19627,9.113678,HD 110067,32.22,8.1
HD 110067 c,0.0198,0.2132,13.673694,HD 110067,32.22,8.1
HD 110067 d,0.02681,0.2543,20.519617,HD 110067,32.22,8.1
HD 110067 e,0.0123,0.1731,30.793091,HD 110067,32.22,8.1
HD 110067 f,0.01586,0.232,41.05854,HD 110067,32.22,8.1
HD 110067 g,0.0264,0.23258,54.76992,HD 110067,32.22,8.1
HD 114082 b,8.0,1.0,109.75,HD 114082,95.06,0.015
HD 118203 b,2.17,1.14,6.13499,HD 118203,88.6,5.32
HD 1397 b,0.415,1.026,11.53533,HD 1397,79.31,4.52
HD 143811 (AB)b,5.6,1.4,119181.0,HD 143811 (AB),136.86,0.018
HD 149026 b,0.28,0.74,2.8758916,HD 149026,78.9,2.0
HD 17156 b,3.195,1.095,21.2163979,HD 17156,78.24,3.38
HD 189733 Ab,1.138,1.138,2.219,HD 189733 A,19.3,0.6
HD 190622 b,0.0242,0.27541,15.507612,HD 190622,88.74,5.3
HD 191939 b,0.031,0.303,8.88029,HD 191939,53.608,7.0
HD 191939 c,0.0227,0.2748,28.5805,HD 191939,53.608,7.0
HD 191939 d,0.0182,0.2712,38.3525,HD 191939,53.608,7.0
HD 202772 Ab,1.008,1.562,3.30896,HD 202772 A,147.2,1.8
HD 20329 b,0.02335,0.1534,0.926118,HD 20329,63.38,11.0
HD 206893 c,10.31,1.46,2082.0,HD 206893,38.34,1.1
HD 207496 Ab,0.0192,0.2007,6.441008,HD 207496 A,23.6382,0.52
HD 207897 b,0.05,0.22348,16.202157,HD 207897,28.25,7.1
HD 209458 b,0.69,1.38,3.52472,HD 209458,47.0,4.0
HD 213885 Ab,0.02778,0.15568,1.008035,HD 213885 A,57.97,3.8
HD 21520 b,0.0249,0.24061,25.1292,HD 21520,79.0,5.3
HD 219666 b,0.0522,0.4202,6.03607,HD 219666,94.4,10.0
HD 221416 b,0.1904,0.836,14.2767,HD 221416,95.075,4.9
HD 22946 b,0.00821,0.12151,4.040295,HD 22946,62.87,5.0
HD 22946 c,0.0208,0.20769,9.573083,HD 22946,62.87,5.0
HD 22946 d,0.0249,0.23258,47.42489,HD 22946,62.87,5.0
HD 260655 b,0.00673,0.1106,2.76953,HD 260655,9.9976,5.0
HD 260655 c,0.00972,0.13677,5.70588,HD 260655,9.9976,5.0
HD 2685 b,1.18,1.44,4.12692,HD 2685,197.98,1.3
HD 28109 b,0.058195,0.19618,22.89104,HD 28109,140.087,1.1
HD 3167 b,0.0158,0.152,0.959624,HD 3167,47.36,5.0
HD 3167 c,0.0308,0.255,29.83832,HD 3167,47.36,5.0
HD 332231 b,0.244,0.867,18.71204,HD 332231,80.597,4.3
HD 5278 Ab,0.0245,0.2186,14.33902,HD 5278 A,56.12,3.0
HD 63433 b,0.0689,0.1945,7.1079477,HD 63433,22.42,0.414
HD 63433 c,0.0482,0.2427,20.54383,HD 63433,22.42,0.414
HD 73583 Ab,0.0321,0.2489,6.398042,HD 73583 A,31.6,0.75
HD 73583 Ac,0.0302,0.2436,18.8805,HD 73583 A,31.6,0.75
HD 80606 b,4.1641,1.032,111.436765,HD 80606,58.4,7.63
HD 80653 b,0.01762,0.144,0.719573,HD 80653,109.86,2.67
HD 83342 b,0.4012,0.869,45.522149,HD 83342,79.6682,3.4
HD 88986   b,0.0541,0.2221,146.05,HD 88986,33.37,1.9
HD 89345 b,0.1073,0.642,11.81469,HD 89345,126.6,9.4
HD 95338 b,0.12406,0.3551,55.086,HD 95338,36.9,5.08
HIP 41378 b,0.0217,0.054,15.5712,HIP 41378,116.0,1.8
HIP 41378 c,0.0138,0.2436,31.6978,HIP 41378,116.0,1.8
HIP 41378 d,0.0145,0.3158,1113.4465,HIP 41378,116.0,1.8
HIP 41378 e,0.038,0.437,131.0,HIP 41378,116.0,1.8
HIP 41378 f,0.038,0.821,542.07975,HIP 41378,116.0,1.8
HIP 65 Ab,3.213,2.03,0.9809734,HIP 65 A,61.89,4.1
HIP 67522 b,0.0434,0.897,6.9594738,HIP 67522,127.27,0.017
HIP 94235 Ab,1.192,0.2862,7.712121,HIP 94235 A,58.61,0.1
HIP 97166 b,0.063,0.2444,10.28891,HIP 97166,66.08,3.33
HR 2562 b,11.67,0.89,26097.5,HR 2562,33.63,0.6
HR 8799 b,7.0,1.2,164250.0,HR 8799,39.4,0.06
HR 8799 c,8.3,1.3,82145.0,HR 8799,39.4,0.06
HR 8799 d,8.3,1.2,41054.0,HR 8799,39.4,0.06
HR 8799 e,9.6,1.17,18000.0,HR 8799,39.4,0.06
IRAS 04125+2902 b,0.3,0.955,8.83,IRAS 04125+2902,160.0,0.002
K2-105 b,0.094,0.301,8.267704,K2-105,199.28,0.6
K2-106 b,0.0245,0.14952,0.5713127,K2-106,246.1,5.0
K2-106 c,0.018,0.2534,13.339079,K2-106,246.1,5.0
K2-107 b,0.84,1.426,3.313959,K2-107,696.95,4.25
K2-108 b,0.187,0.476,4.733999,K2-108,484.99,7.8
K2-110 b,0.0525,0.228,13.86387,K2-110,116.84,8.0
K2-111 b,0.01664,0.162,5.3518,K2-111,201.7,12.3
K2-113 b,1.28,1.083,5.817685,K2-113,649.75,5.9
K2-114 b,1.85,0.952,11.391013,K2-114,484.8,9.9
K2-115 b,0.84,1.115,20.273034,K2-115,418.58,10.7
K2-132 b,0.49,1.3,9.1751,K2-132,620.41,8.5
K2-139 Ab,0.381,0.813,28.380619,K2-139 A,153.856,1.8
K2-140 b,0.93,1.093,6.56918,K2-140,341.6,9.8
K2-141 b,0.01598,0.135,0.2803244,K2-141 ,61.0,6.3
K2-141 c,0.02328,0.624,7.7485,K2-141 ,61.0,6.3
K2-146 b,0.01816,0.183,2.6446,K2-146,79.31,5.0
K2-146 c,0.02358,0.195,4.00498,K2-146,79.31,5.0
K2-157 b,0.00359,0.08342,0.3652575,K2-157,290.2,8.8
K2-180 b,0.036,0.206,8.867209,K2-180,204.51,9.5
K2-19 b,0.1019,0.691,7.9193,K2-19,292.14,8.0
K2-19 c,0.0393,0.434,11.906,K2-19,292.14,8.0
K2-19 d,0.031,0.102,2.50856,K2-19,292.14,8.0
K2-229 b,0.00815,0.102,0.58426,K2-229,103.8,5.4
K2-229 c,0.067,0.181,8.32727,K2-229,103.8,5.4
K2-229 d,0.079,0.2364,31.0,K2-229,103.8,5.4
K2-231 b,0.0227,0.223,13.841901,K2-231,295.0,3.0
K2-232 Ab,0.398,1.0,11.168454,K2-232 A,131.21,1.43
K2-233 b,0.0104,0.125,2.46746,K2-233,67.64,0.36
K2-233 d,0.0261,0.236,24.3662,K2-233,67.64,0.36
K2-236 b,0.085,0.514,19.49221,K2-236,182.69,3.99
K2-237 Ab,1.236,1.642,2.1805577,K2-237 A,315.0,1.09
K2-238 b,0.86,1.3,3.20466,K2-238,453.0,5.63
K2-24 b,0.05978,0.50299,20.88257,K2-24,170.5,4.9
K2-24 c,0.0516,0.7075,42.34732,K2-24,170.5,4.9
K2-260 Ab,1.42,1.552,2.6266657,K2-260 A,676.32,1.9
K2-261 b,0.223,0.85,11.63344,K2-261,214.58,8.8
K2-263 b,0.0466,0.215,50.818947,K2-263,163.23,7.0
K2-265 Ab,0.02058,0.153,2.369172,K2-265 A,139.22,9.7
K2-266 Ab,0.0355,0.294,0.658524,K2-266 A,77.5586,8.4
K2-266 Ac,0.00091,0.063,7.814,K2-266 A,77.5586,8.4
K2-266 Ad,0.028,0.261,14.697,K2-266 A,77.5586,8.4
K2-266 Ae,0.04499,0.244,19.482,K2-266 A,77.5586,8.4
K2-267 Ab,3.0,1.051,6.180235,K2-267 A,376.0,3.09
K2-27 Bb,0.09722,0.4,6.771315,K2-27 B,249.645,10.3
K2-280 b,0.1167,0.684,19.895202,K2-280,396.9,8.96
K2-287 b,0.315,0.833,14.893291,K2-287,159.05,4.5
K2-290 Ab,0.0343,0.273,9.21165,K2-290 A,272.909,4.0
K2-290 Ac,0.774,1.006,48.36685,K2-290 A,272.909,4.0
K2-291 b,0.02042,0.142,2.225177,K2-291,90.29,3.72
K2-292 b,0.07709,0.235,16.9841,K2-292,114.29,6.8
K2-29 Ab,0.73,1.19,3.2588321,K2-29 A,178.475,2.6
K2-309 Ab,0.0425,0.8788,24.14041,K2-309 A,108.5,0.023
K2-309 Ac,0.053,0.0428,8.24872,K2-309 A,108.5,0.023
K2-309 Ad,0.019,0.5656,12.40214,K2-309 A,108.5,0.023
K2-309 Ae,0.0334,0.848,46.768131,K2-309 A,108.5,0.023
K2-30 b,0.579,1.039,4.098503,K2-30,336.26,3.9
K2-314 b,0.02753,0.174,3.5951,EPIC 249893012,324.7,9.0
K2-314 c,0.04616,0.3274,15.624,EPIC 249893012,324.7,9.0
K2-314 d,0.03203,0.3515,35.747,EPIC 249893012,324.7,9.0
K2-329 Ab,0.26,0.774,12.4551225,K2-329 A,230.4,1.8
K2-33 b,3.7,0.45,5.424865,K2-33,139.8,0.009
K2-36 Bb,0.01227,0.128,1.422614,K2-36 B,109.749,1.4
K2-36 Bc,0.02454,0.2783,5.3410507,K2-36 B,109.749,1.4
K2-38 b,0.06,0.17,4.01593,K2-38,192.69,6.1
K2-38 c,0.03115,0.216,10.56103,K2-38,192.69,6.1
K2-39 b,0.09,0.56,4.60543,K2-39,310.14,3.09
K2-3 b,0.02039,0.194,10.054626,K2-3,45.0,1.0
K2-3 c,0.00673,0.165,24.646582,K2-3,45.0,1.0
K2-3 d,0.00881,0.135,44.55646,K2-3,45.0,1.0
K2-418 b,0.0327,0.2079,16.141132,K2-418,121.97,4.9
K2-419 Ab,0.617,0.941,20.35847252,K2-419 A,263.8,7.4
K2-60 b,0.426,0.683,3.00265,K2-60,498.7,10.0
K2-77 b,1.9,0.205,8.199796,K2-77,142.31,0.85
K2-95 b,1.67,0.346,10.134016,K2-95,180.63,0.8
K2-97 b,1.1,0.947,8.406726,K2-97,869.76,7.8
K2-98 b,0.101,0.464,10.136448,K2-98,526.31,5.2
K2-99 b,0.87,1.046,18.24783,K2-99,522.29,2.4
KELT-10 b,0.679,1.399,4.166285,KELT-10,183.0,4.5
KELT-12 b,0.95,1.79,5.0316144,WASP-86,360.0,0.8
KELT-16 Ab,2.75,1.415,0.9689951,KELT-16 A,365.0,2.9
KELT-18 Ab,1.176,1.568,2.8716082,KELT-18 A,311.0,1.9
KELT-19 Ab,4.07,1.91,4.6117093,KELT-19 A,255.0,1.1
KELT-20 Ab,3.518,1.83,3.4741085,KELT-20 A,136.426,0.3
KELT-21 Ab,3.88,1.584,3.6127732,KELT-21 A,415.0,1.6
KELT-22 Ab,3.69,1.2,1.38665318,KELT-22 A,232.98,5.0
KELT-23 Ab,0.937,1.29,2.25528756,KELT-23 A,125.42,6.4
KELT-3 Ab,1.47,1.35,2.7033904,KELT-3 A,210.252,3.0
KELT-4 Ab,0.9,1.7,2.989594,KELT-4 A,211.0,4.38
KELT-7 b,1.24,1.293,2.734784,KELT-7,129.0,1.3
KELT-8 b,0.874,1.86,3.24406,KELT-8,236.0,5.4
KELT-9 Ab,2.88,1.936,1.4811235,KELT-9 A,204.455,0.3
Kepler-100 b,0.023,0.118,6.88705,Kepler-100,307.34,6.46
Kepler-100 c,0.02218,0.196,12.8159,Kepler-100,307.34,6.46
Kepler-100 d,0.00944,0.144,35.3331,Kepler-100,307.34,6.46
Kepler-101 b,0.16,0.51,3.4876812,Kepler-101,953.44,5.9
Kepler-101 c,0.01,0.112,6.02976,Kepler-101,953.44,5.9
Kepler-102 b,0.01353,0.042,5.28696,Kepler-102,108.13,1.41
Kepler-102 c,0.00944,0.052,7.07142,Kepler-102,108.13,1.41
Kepler-102 d,0.012,0.105,10.3117,Kepler-102,108.13,1.41
Kepler-102 e,0.028,0.198,16.1457,Kepler-102,108.13,1.41
Kepler-102 f,0.01636,0.079,27.4536,Kepler-102,108.13,1.41
Kepler-103 b,0.031,0.301,15.9654,Kepler-103,501.93,5.7
Kepler-103 c,0.114,0.459,179.612,Kepler-103,501.93,5.7
Kepler-104 Ab,0.031314,0.2123,11.427548,Kepler-104 A,400.785,3.72
Kepler-104 Ac,0.0224785,0.2105,23.668205,Kepler-104 A,400.785,3.72
Kepler-104 Ad,5.54,0.23508,51.755394,Kepler-104 A,400.785,3.72
Kepler-106 b,0.01668,0.073,6.16486,Kepler-106,449.98,4.83
Kepler-106 c,0.033,0.223,13.5708,Kepler-106,449.98,4.83
Kepler-106 d,0.02549,0.085,23.9802,Kepler-106,449.98,4.83
Kepler-106 e,0.035,0.228,43.8445,Kepler-106,449.98,4.83
Kepler-107 b,0.01104,0.137,3.1800218,Kepler-107,525.5,4.29
Kepler-107 c,0.02954,0.142,4.901452,Kepler-107,525.5,4.29
Kepler-107 d,0.01196,0.077,7.95839,Kepler-107,525.5,4.29
Kepler-107 e,0.02706,0.259,14.749143,Kepler-107,525.5,4.29
Kepler-109 Ab,0.02297,0.211,6.48163,Kepler-109 A,474.861,6.2
Kepler-109 Ac,0.06859,0.225,21.2227,Kepler-109 A,474.861,6.2
Kepler-10 b,0.01019,0.1311,0.837491,Kepler-10,186.5,10.6
Kepler-10 c,0.03552,0.2101,45.2943,Kepler-10,186.5,10.6
Kepler-113 b,0.037,0.162,4.754,Kepler-113,264.35,6.89
Kepler-113 c,0.02737,0.194,8.92507,Kepler-113,264.35,6.89
Kepler-117 b,0.094,0.719,18.7959228,Kepler-117,1430.0,5.3
Kepler-117 c,1.84,1.101,50.790391,Kepler-117,1430.0,5.3
Kepler-11 b,0.006,0.161,10.3039,Kepler-11,658.59,8.5
Kepler-11 c,0.009,0.256,13.0241,Kepler-11,658.59,8.5
Kepler-11 d,0.023,0.278,22.6845,Kepler-11,658.59,8.5
Kepler-11 e,0.025,0.374,31.9996,Kepler-11,658.59,8.5
Kepler-11 f,0.006,0.222,46.6888,Kepler-11,658.59,8.5
Kepler-11 g,0.079,0.297,118.3807,Kepler-11,658.59,8.5
Kepler-1229 Ab,0.00799,0.1195,86.82974,Kepler-1229 A,265.482,3.72
Kepler-12 b,0.432,1.754,4.4379629,Kepler-12,904.4,4.0
Kepler-131 b,0.051,0.215,16.092,Kepler-131,230.19,3.66
Kepler-131 c,0.026,0.075,25.5169,Kepler-131,230.19,3.66
Kepler-145 b,0.117,0.236,22.951,Kepler-145,576.15,2.62
Kepler-145 c,0.25,0.385,42.882,Kepler-145,576.15,2.62
Kepler-14 Ab,8.4,1.136,6.790123,Kepler-14 A,980.0,2.2
Kepler-1513 Ab,0.152,0.76671,160.8842,Kepler-1513 A,349.247,7.0
Kepler-1514 b,5.28,1.108,217.83184,Kepler-1514,389.3,2.9
Kepler-15 b,0.66,0.96,4.942782,Kepler-15,755.38,3.7
Kepler-1625 b,11.6,0.541,287.378949,Kepler-1625,1213.0,4.37
Kepler-1647 (AB)b,1.52,1.06,1107.5923,Kepler-1647 (AB),1212.45,4.4
Kepler-1654 b,0.5,0.819,1047.8356,Kepler-1654,577.6,5.0
Kepler-1655 b,0.01573,0.197,11.8728787,Kepler-1655,214.58,2.56
Kepler-1656 b,0.1504,0.448,31.562,Kepler-1656,186.88,6.31
Kepler-1657 b,1.93,0.99,141.241671,Kepler-1657,946.59,3.2
Kepler-167 Ae,4.0,0.9064,1071.23205,Kepler-167 A,330.0,7.1
Kepler-1704 b,4.16,1.066,988.88112,Kepler-1704,824.0,7.4
Kepler-1708 b,4.6,0.8886,737.1131,Kepler-1708,1667.0,3.16
Kepler-1710 Ab,0.010997,0.2308,14.91094205,Kepler-1710 A,305.193,9.1
Kepler-17 b,2.45,1.31,1.4857108,Kepler-17,800.0,1.78
Kepler-1876 b,0.0076,0.0761,6.99205,Kepler-1876,259.9,4.4
Kepler-18 b,0.022,0.178,3.504725,Kepler-18,438.51,10.0
Kepler-18 c,0.054,0.49,7.64159,Kepler-18,438.51,10.0
Kepler-18 d,0.052,0.623,14.85888,Kepler-18,438.51,10.0
Kepler-1971 b,0.00107,0.0455,0.412,Kepler-1971,170.66,3.5
Kepler-1972 Ab,0.00636,0.07155,7.54425,Kepler-1972 A,287.339,7.4
Kepler-1972 Ac,0.00664,0.07744,11.3295,Kepler-1972 A,287.339,7.4
Kepler-197 Ac,0.017,0.11669,10.34973276,Kepler-197 A,330.575,5.37
Kepler-19 b,0.02643,0.198,9.28716,Kepler-19,219.95,1.9
Kepler-20 Ab,0.029963,0.17905,3.6961049,Kepler-20 A,282.563,5.6
Kepler-20 Ac,0.0349,0.2569,10.8540774,Kepler-20 A,282.563,5.6
Kepler-20 Ad,0.040733,0.22232,77.611455,Kepler-20 A,282.563,5.6
Kepler-20 Ae,0.0097,0.06994,6.0984882,Kepler-20 A,282.563,5.6
Kepler-20 Af,0.045,0.08404,19.578328,Kepler-20 A,282.563,5.6
Kepler-21 Ab,0.02102,0.1472,2.785823,Kepler-21 A,108.522,2.84
Kepler-22 b,0.0286,0.187,289.863876,Kepler-22,194.642,7.0
Kepler-25 Ab,0.034013,0.24124,6.238297,Kepler-25 A,244.96,2.75
Kepler-25 Ac,0.075805,0.4128,12.7207,Kepler-25 A,244.96,2.75
Kepler-289 b,0.023,0.192,34.545,Kepler-289,700.0,0.65
Kepler-289 c,0.42,1.034,125.8518,Kepler-289,700.0,0.65
Kepler-289 d,0.013,0.239,66.0634,Kepler-289,700.0,0.65
Kepler-30 b,0.036,0.348,29.33434,Kepler-30,938.33,2.0
Kepler-30 c,2.01,1.097,60.323105,Kepler-30,938.33,2.0
Kepler-30 d,0.073,0.785,143.34394,Kepler-30,938.33,2.0
Kepler-36 b,0.01205,0.134,13.86825,Kepler-36,470.0,6.923
Kepler-36 c,0.02243,0.328,16.21865,Kepler-36,470.0,6.923
Kepler-37 b,0.01,0.026,13.36731,Kepler-37,64.04,6.0
Kepler-37 c,0.03776,0.067,21.302,Kepler-37,64.04,6.0
Kepler-37 d,0.017,0.173,39.7922,Kepler-37,64.04,6.0
Kepler-406 b,0.02,0.128,2.42629,Kepler-406,367.86,5.84
Kepler-406 c,0.009,0.076,4.62332,Kepler-406,367.86,5.84
Kepler-407 Ab,0.005251,0.10358,0.669310092,Kepler-407 A,341.69,7.47
Kepler-408 b,0.01573,0.073,2.46502,Kepler-408,89.01,6.68
Kepler-409 b,0.06922,0.106,68.9584,Kepler-409,68.31,6.8
Kepler-40 b,2.2,1.17,6.87349,Kepler-40,2700.0,2.8
Kepler-411 Ab,0.0805,0.16647,3.005156,Kepler-411 A,153.676,0.212
Kepler-411 Ac,0.0831,0.28888,7.834435,Kepler-411 A,153.676,0.212
Kepler-411 Ad,0.04782,0.30119,58.02035,Kepler-411 A,153.676,0.212
Kepler-412 b,0.941,1.341,1.7208604,Kepler-412,1121.32,5.1
Kepler-414 b,0.011,0.153,4.7,Kepler-414,418.44,5.5
Kepler-414 c,0.094,0.269,7.171,Kepler-414,418.44,5.5
Kepler-418 b,1.1,1.2,86.67856,Kepler-418,1002.53,4.47
Kepler-419 b,2.5,0.96,69.7546,Kepler-419,1041.31,2.8
Kepler-41 b,0.56,1.29,1.8555582,Kepler-41,1128.11,4.4
Kepler-420 Ab,1.45,0.94,86.647661,Kepler-420 A,900.0,9.3
Kepler-423 b,0.595,1.192,2.6843285,Kepler-423,725.0,11.0
Kepler-425 b,0.25,0.978,3.79701816,Kepler-425,650.0,5.0
Kepler-426 b,0.34,1.09,3.21751883,Kepler-426,880.0,6.0
Kepler-427 b,0.29,1.23,10.290994,Kepler-427,1100.0,7.0
Kepler-428 b,1.27,1.08,3.52563254,Kepler-428,720.0,5.0
Kepler-42 b,0.009,0.07,1.2137672,Kepler-42,38.7,4.5
Kepler-42 c,0.006,0.065,0.45328509,Kepler-42,38.7,4.5
Kepler-42 d,0.003,0.051,1.865169,Kepler-42,38.7,4.5
Kepler-432 b,5.41,1.145,52.501129,Kepler-432,870.0,4.2
Kepler-433 b,2.82,1.45,5.33408384,Kepler-433,1870.0,2.67
Kepler-434 b,2.86,1.13,12.8747099,Kepler-434,1240.0,4.0
Kepler-435 b,0.84,1.99,8.6001536,Kepler-435,2070.0,2.25
Kepler-43 b,3.23,1.219,3.0240949,Kepler-43,1035.9,2.8
Kepler-448 b,1.1,1.23,17.855182,Kepler-448,399.398,1.45
Kepler-44 b,1.0,1.09,3.2467293,Kepler-44,1229.15,5.8
Kepler-454 Ab,0.017,0.2114,10.5737534,Kepler-454 A,230.869,5.25
Kepler-45 b,0.505,0.96,2.455239,Kepler-45,333.0,0.5
Kepler-462 b,0.16959,0.268,84.6866,Kepler-462,598.0,0.5
Kepler-462 c,0.01888,0.357,207.62,Kepler-462,598.0,0.5
Kepler-46 b,6.0,0.808,33.60134,Kepler-46,794.54,9.9
Kepler-48 b,0.0124,0.168,4.778,Kepler-48,309.47,3.14
Kepler-48 c,0.04597,0.242,9.67395,Kepler-48,309.47,3.14
Kepler-48 d,0.025,0.182,42.8961,Kepler-48,309.47,3.14
Kepler-4 b,0.077,0.357,3.21346,Kepler-4,550.0,4.5
Kepler-50 b,0.1,0.153,7.81254,Kepler-50,251.91,3.8
Kepler-50 c,0.11,0.194,9.37647,Kepler-50,251.91,3.8
Kepler-51 b,0.007,0.633,45.154,Kepler-51,783.831,0.5
Kepler-51 c,0.013,0.803,85.312,Kepler-51,783.831,0.5
Kepler-51 d,0.024,0.865,130.194,Kepler-51,783.831,0.5
Kepler-52 Ab,0.25,0.187,7.8773565,Kepler-52 A,321.542,1.01
Kepler-52 Ac,0.198,0.164,16.3850021,Kepler-52 A,321.542,1.01
Kepler-538 Ab,0.03335,0.198,81.73778,Kepler-538 A,155.956,5.3
Kepler-539 b,0.97,0.747,125.63243,Kepler-539,310.01,1.1
Kepler-54 Ab,0.92,0.187,8.0109434,Kepler-54 A,271.7,4.17
Kepler-54 Ac,0.37,0.11,12.0717249,Kepler-54 A,271.7,4.17
Kepler-55 Ab,0.1353,0.17,27.9541337,Kepler-55 A,578.796,2.34
Kepler-55 Ac,0.2196,0.165,42.1406089,Kepler-55 A,578.796,2.34
Kepler-56 b,0.07,0.581,10.5016,Kepler-56,936.96,3.5
Kepler-56 c,0.57,0.874,21.40239,Kepler-56,936.96,3.5
Kepler-62 b,0.03,0.117,5.714932,Kepler-62,368.0,7.0
Kepler-62 c,0.013,0.048,12.4417,Kepler-62,368.0,7.0
Kepler-62 d,0.044,0.174,18.16406,Kepler-62,368.0,7.0
Kepler-62 e,0.113,0.144,122.3874,Kepler-62,368.0,7.0
Kepler-62 f,0.11,0.126,267.291,Kepler-62,368.0,7.0
Kepler-63 b,0.378,0.545,9.4341505,Kepler-63,200.0,0.21
Kepler-65 d,0.034,0.136,8.13123,Kepler-65,306.39,2.9
Kepler-66 b,0.047,0.25,17.815815,Kepler-66,1107.0,1.0
Kepler-67 b,0.047,0.262,15.7259,Kepler-67,1107.0,1.0
Kepler-68 b,0.02407,0.206,5.3988,Kepler-68,144.166,6.84
Kepler-68 c,0.00642,0.0827,9.6051,Kepler-68,144.166,6.84
Kepler-6 b,0.668,1.304,3.2346996,Kepler-6,597.14,3.8
Kepler-70 b,0.0014,0.068,0.240104,Kepler-70,1180.0,0.0184
Kepler-70 c,0.0021,0.077,0.342887,Kepler-70,1180.0,0.0184
Kepler-74 b,0.63,0.96,7.340711,Kepler-74,1218.33,0.8
Kepler-75 b,10.1,1.05,8.8849116,Kepler-75,855.5,6.2
Kepler-77 b,0.43,0.96,3.57878087,Kepler-77,570.0,7.5
Kepler-78 Ab,0.00619,0.1,0.35500744,Kepler-78 A,124.376,0.625
Kepler-79 b,0.0343,0.31,13.4845,Kepler-79,1051.43,3.44
Kepler-79 c,0.019,0.332,27.4029,Kepler-79,1051.43,3.44
Kepler-79 d,0.019,0.639,52.0902,Kepler-79,1051.43,3.44
Kepler-79 e,0.013,0.311,81.0659,Kepler-79,1051.43,3.44
Kepler-7 b,0.441,1.622,4.8854892,Kepler-7,947.46,3.5
Kepler-80 b,0.0218,0.238,7.05246,Kepler-80,357.0,2.0
Kepler-80 c,0.02121,0.244,9.52355,Kepler-80,357.0,2.0
Kepler-80 d,0.02124,0.136,3.07222,Kepler-80,357.0,2.0
Kepler-80 e,0.01299,0.143,4.64489,Kepler-80,357.0,2.0
Kepler-84 Ac,0.0636,0.281,12.88291395,Kepler-84 A,1053.44,3.98
Kepler-87 b,1.02,1.204,114.73635,Kepler-87,1277.88,7.5
Kepler-87 c,0.02,0.548,191.2318,Kepler-87,1277.88,7.5
Kepler-88 b,0.03,0.307,10.91647,Kepler-88,339.0,2.45
Kepler-89 Ab,0.018115,0.14613,3.743208,Kepler-89 A,477.052,3.31
Kepler-89 Ac,0.019528,0.34473,10.423648,Kepler-89 A,477.052,3.31
Kepler-89 Ad,0.2504561,0.91989,22.342989,Kepler-89 A,477.052,3.31
Kepler-89 Ae,0.0254662,0.54564,54.32031,Kepler-89 A,477.052,3.31
Kepler-8 b,0.59,1.416,3.5224991,Kepler-8,1052.9,3.84
Kepler-91 b,0.81,1.367,6.24658,Kepler-91,1344.56,4.86
Kepler-92 Ab,0.202,0.313,13.749,Kepler-92 A,484.62,5.52
Kepler-92 Ac,0.019,0.232,26.723,Kepler-92 A,484.62,5.52
Kepler-93 b,0.0143,0.14,4.72674,Kepler-93,96.18,6.6
Kepler-94 b,0.034,0.313,2.50806,Kepler-94,192.97,1.41
Kepler-96 b,0.027,0.238,16.2385,Kepler-96,123.32,2.34
Kepler-974 c,0.00217,0.0544,0.1768913,Kepler-974,134.311,4.79
Kepler-97 Ab,0.011,0.132,2.58664,Kepler-97 A,405.58,8.42
Kepler-98 b,0.011,0.178,1.54168,Kepler-98,353.87,2.79
Kepler-99 Bb,0.0119971,0.16166,4.60358,Kepler-99 B,208.369,4.27
Kepler-9 b,0.13655,0.74,19.23891,Kepler-9,614.0,2.0
Kepler-9 c,0.09408,0.721,38.9853,Kepler-9,614.0,2.0
Kepler-9 d,0.016518264481,0.146,1.592851,Kepler-9,614.0,2.0
L 98-59 b,0.0013,0.0758,2.2531136,L 98-59,10.623,5.4
L 98-59 c,0.00698,0.12356,3.6906777,L 98-59,10.623,5.4
L 98-59 d,0.0061,0.1357,7.4507245,L 98-59,10.623,5.4
LHS 1140 b,0.02196,0.15407,24.736,LHS 1140,12.47,5.0
LHS 1140 c,0.00569,0.11437,3.777931,LHS 1140,12.47,5.0
LP 791-18 c,0.0223,0.2061,4.989963,LP 791-18,26.493,0.5
LP 791-18 d,0.0028,0.0919,2.75485,LP 791-18,26.493,0.5
LP 890-9 b,0.0415,0.1178,2.7299025,LP 890-9,32.33,7.2
LP 890-9 c,0.0796,0.12196,8.457463,LP 890-9,32.33,7.2
LTT 3780 b,0.00774,0.11821,0.76837931,LTT 3780,22.04,3.1
LTT 3780 c,0.0253,0.2132,12.252284,LTT 3780,22.04,3.1
MASCARA-1 b,3.7,1.5,2.14878,MASCARA-1,188.7,1.0
MASCARA-3 Ab,5.18,1.272,5.5514926,MASCARA-3 A,96.79,2.81
MASCARA-4 Ab,1.675,1.53,2.82406,MASCARA-4 A,171.54,0.8
NGTS-11 b,0.37,0.823,35.455285,NGTS-11,191.5,3.9
NGTS-12 b,0.208,1.048,7.532806,NGTS-12,452.0,9.4
NGTS-13 b,4.84,1.142,4.119027,NGTS-13,657.0,4.23
NGTS-14 Ab,0.092,0.44,3.5357173,NGTS-14 A,325.1,5.9
NGTS-15 b,0.751,1.1,3.27623,NGTS-15,791.0,3.28
NGTS-16 b,0.667,1.3,4.84532,NGTS-16,892.0,10.29
NGTS-17 b,0.764,1.24,3.24253,NGTS-17,1047.0,9.22
NGTS-18 b,0.409,1.21,3.05125,NGTS-18,1108.0,10.84
NGTS-20 b,2.98,1.07,54.18915,NGTS-20,366.2,4.1
NGTS-21 b,2.36,1.33,1.5433897,NGTS-21,641.0,10.0
NGTS-23 b,0.613,1.267,4.076,NGTS-23,991.0,6.39
NGTS-24 b,0.52,1.214,3.4678796,NGTS-24,723.0,4.77
NGTS-25 b,0.639,1.023,2.823093,NGTS-25,517.0,3.49
NGTS-26 b,0.29,1.33,4.5199279,NGTS-26,1107.0,11.5
NGTS-27 b,0.593,1.396,3.3704181,NGTS-27,977.0,7.9
NGTS-29 b,0.39,0.857,69.33684,NGTS-29,149.4,2.1
NGTS-2 b,0.67,1.536,4.5111204,NGTS-2,360.3,2.17
NGTS-30 b,0.96,0.93,98.29838,NGTS-30,233.9,1.1
NGTS-6 Ab,1.33,1.271,0.882058,NGTS-6 A,311.0,9.6
NGTS-8 b,0.93,1.09,2.4997,NGTS-8,434.273,12.48
NGTS-9 b,2.9,1.07,4.43527,NGTS-9,619.732,0.96
OGLE2-TR-L9 b,4.34,1.614,2.4855335,OGLE2-TR-L9,1537.0,1.0
OGLE-TR-10 b,0.68,1.72,3.10129,OGLE-TR-10,1248.0,1.1
OGLE-TR-111 b,0.54,1.077,4.01451,OGLE-TR-111,1068.33,1.1
OGLE-TR-113 b,1.24,1.11,1.4324772,OGLE-TR-113,566.459,0.7
OGLE-TR-56 b,1.3,1.2,1.211909,OGLE-TR-56,2252.0,2.0
pi Men c,0.01142,0.16719,6.267852,pi Men,18.37,2.98
PSR 1719-14 b,1.0,0.4,0.090706293,PSR 1719-14,1200.0,12.5
PSR J0636+5129	b,8.5,0.74,0.0665513392,PSR J0636+5129,500.0,13.3
Qatar-10 b,0.736,1.534,1.645321,Qatar-10,539.0,3.2
Qatar-2 b,2.494,1.254,1.33711647,Qatar-2,182.32,5.0
Qatar-3 Ab,4.31,1.096,2.5079204,Qatar-3 A,735.601,0.31
Qatar-6 Ab,0.668,1.062,3.506189,Qatar-6 A,101.0,1.0
Qatar-7 b,1.88,1.7,2.032046,Qatar-7,725.0,1.0
Qatar-8 b,0.371,1.285,3.71495,Qatar-8,276.7,8.3
Qatar-9 b,1.19,1.009,1.540731,Qatar-9,211.4,7.5
Ross 176 b,0.01438,0.1642,5.0066338,Ross 176,46.5,3.0
tau Boo Ab,5.78,1.06,3.31,tau Boo A,15.6521,1.3
TIC 139270665 b,0.463,0.645,23.624,TIC 139270665,147.8,3.4
TIC 172900988 (AB)b,2.84,0.9876,188.763,TIC 172900988 (AB),246.263,3.1
TIC 237913194 b,1.942,1.117,15.168865,TIC 237913194,309.6,5.7
TIC 279401253 b,6.14,1.0,78.8,TIC 279401253,287.1,1.2
TIC 365102760 b,0.0604,0.554,4.21285367,TIC 365102760,555.5,7.2
TIC 434398831 b,0.0208,0.3131,3.685504,TIC 434398831,214.1,0.061
TIC 434398831 c,0.0227,0.5023,6.210291,TIC 434398831,214.1,0.061
TIC 46432937 b,3.2,1.188,1.44044527,TIC 46432937,90.64,7.4
TOI-1052 Ab,0.0532,0.256,9.139703,TOI-1052 A,128.7,2.3
TOI-1062 b,0.032,0.20198,4.11412,TOI-1062,82.2,2.5
TOI-1107 b,3.35,1.3,4.0782387,TOI-1107,283.61,2.6
TOI-1117 b,0.028,0.2195,2.22816,TOI-1117,167.598,4.42
TOI-1130 b,0.0623,0.3265,4.074554,TOI-1130,58.26,8.2
TOI-1130 c,1.057,1.16,8.3501898,TOI-1130,58.26,8.2
TOI-1136 b,0.011,0.17,4.17278,TOI-1136,84.536,0.7
TOI-1136 c,0.01988,0.25685,6.2574,TOI-1136,84.536,0.7
TOI-1136 d,0.02627,0.4128,12.5199,TOI-1136,84.536,0.7
TOI-1136 e,0.0191,0.23544,18.802,TOI-1136,84.536,0.7
TOI-1136 f,0.02586,0.3462,26.3213,TOI-1136,84.536,0.7
TOI-1136 g,0.038,0.2257,39.544,TOI-1136,84.536,0.7
TOI-1173 Ab,0.0821,0.723,7.06387,TOI-1173 A,132.35,8.7
TOI-1199 b,0.239,0.938,3.671463,TOI-1199,247.0,4.2
TOI-1203 Ab,0.01104,0.1356,4.1572888,TOI-1203 A,64.96,12.5
TOI-1203 Ad,0.02325,0.26033,25.502672,TOI-1203 A,64.96,12.5
TOI-1235 b,0.0186,0.15113,3.444717,TOI-1235,39.68,0.8
TOI-1238 b,0.01183,0.1079,0.764597,TOI-1238,70.6424,0.8
TOI-1238 c,0.02618,0.1882,3.294736,TOI-1238,70.6424,0.8
TOI-1259 Ab,0.415,1.035,3.4779792,TOI-1259 A,118.1,4.8
TOI-125 b,0.0299,0.2432,4.65382,TOI-125,111.4,6.8
TOI-125 c,0.02086,0.24614,9.15059,TOI-125,111.4,6.8
TOI-125 d,0.0428,0.2614,19.98,TOI-125,111.4,6.8
TOI-1266 b,0.01381,0.2337,10.894841,TOI-1266,36.05,7.9
TOI-1266 c,0.00934,0.19,18.801611,TOI-1266,36.05,7.9
TOI-1268 b,0.29,0.82,8.1577094,TOI-1268,110.0,0.29
TOI-1273 b,0.222,0.99,4.631296,TOI-1273,176.0,3.1
TOI-1294 b,0.1957,0.8199,3.91529,TOI-1294,332.648,6.1
TOI-1298 b,0.356,0.841,4.537164,TOI-1298,319.0,1.6
TOI-132 Ab,0.0705,0.3051,2.1097019,TOI-132 A,164.47,6.34
TOI-1333 Ab,2.37,1.396,4.720219,TOI-1333 A,200.4,2.33
TOI-1347 b,0.0384,0.161,0.847423431,TOI-1347,147.5,1.7
TOI-1347 c,0.0088,0.143,4.841962,TOI-1347,147.5,1.7
TOI-1408 b,1.866,2.23,4.42587,TOI-1408,139.13,2.7
TOI-1408 c,0.0239,0.1981,2.1664,TOI-1408,139.13,2.7
TOI-1420 b,0.079,1.0608,6.9561063,TOI-1420,201.84,10.7
TOI-1422 b,0.028,0.3533,12.9972,TOI-1422,154.56,5.1
TOI-1431 b,3.14,1.508,2.65022,TOI-1431,149.6,0.29
TOI-1453 Ab,0.0039,0.1044,4.3135225,TOI-1453 A,78.885,12.0
TOI-1453 Ac,0.00928,0.1981,6.5886982,TOI-1453 A,78.885,12.0
TOI-1470 b,0.02303,0.1945,2.527093,TOI-1470,51.9503,1.3
TOI-1470 c,0.02278,0.2204,18.08816,TOI-1470,51.9503,1.3
TOI-1478 b,0.847,1.06,10.180249,TOI-1478,153.0,9.2
TOI-150 b,2.51,1.255,5.857487,TOI-150,336.0,2.346
TOI-1516 Ab,3.16,1.36,2.056014,TOI-1516 A,247.0,4.82
TOI-157 b,1.18,1.286,2.0845435,TOI-157,362.1,12.82
TOI-1601 b,0.99,1.239,5.331751,TOI-1601,336.0,2.64
TOI-1605 b,0.6963,0.9225,8.7099,TOI-1605,159.748,8.3
TOI-163 b,1.22,1.489,4.231306,TOI-163,416.7,1.823
TOI-1670 b,0.0434,0.1838,10.98462,TOI-1670,165.72,2.53
TOI-1670 c,0.58,0.97,40.7750145,TOI-1670,165.72,2.53
TOI-1685 b,0.00966,0.1267,0.66813923,TOI-1685,37.609,1.3
TOI-169 b,0.791,1.086,2.2554477,TOI-169,412.5,4.7
TOI-1710 Ab,0.0579,0.4595,24.283385,TOI-1710 A,81.1376,4.2
TOI-1728 b,0.08426,0.4505,3.49151,TOI-1728,60.8,7.1
TOI-172 Ab,5.41,0.965,9.47721,TOI-172 A,336.47,7.5
TOI-1736 Ab,0.0387,0.2837,7.073091,TOI-1736 A,88.9,4.9
TOI-1739 b,0.013,0.15122,8.303342,TOI-1739,70.98,6.3
TOI-1743 b,0.0145,0.1633,4.266046,TOI-1743,41.31,9.7
TOI-1751 b,0.0538,0.2489,37.468489,TOI-1751,113.6,10.0
TOI-1759 Ab,0.0214,0.273,18.849975,TOI-1759 A,40.12,5.0
TOI-1778 b,0.02637,0.24133,6.527282,TOI-1778,99.0,3.85
TOI-1789 b,0.7,1.4,3.208666,TOI-1789,223.55,2.81
TOI-178 b,0.00472,0.10278,1.914558,TOI-178,63.0,7.1
TOI-178 c,0.01501,0.1489,3.23845,TOI-178,63.0,7.1
TOI-178 d,0.00947,0.22946,6.5577,TOI-178,63.0,7.1
TOI-178 e,0.01214,0.1969,9.961881,TOI-178,63.0,7.1
TOI-178 f,0.02429,0.20403,15.231915,TOI-178,63.0,7.1
TOI-178 g,0.0124,0.256,20.7095,TOI-178,63.0,7.1
TOI-179 Ab,0.0758,0.2436,4.1374386,TOI-179 A,38.585,0.4
TOI-1803 b,0.0324,0.2668,6.293287,TOI-1803,119.0,1.4
TOI-1803 c,0.019,0.3827,12.885779,TOI-1803,119.0,1.4
TOI-1807 b,0.00809,0.1222,0.549374,TOI-1807,42.577,0.18
TOI-1811 b,0.974,1.0,3.7130818,TOI-1811,128.3,6.0
TOI-1820 Ab,2.3,1.12,4.8607,TOI-1820 A,250.0,11.0
TOI-1828 b,0.1841,0.769,9.0941045,TOI-1828,369.986,5.5
TOI-1836 Ab,0.092,0.78188,20.38084,TOI-1836 A,189.23,6.6
TOI-1836 Ac,0.025,0.232,1.7727471,TOI-1836 A,189.23,6.6
TOI-1842 b,0.214,1.04,9.5739,TOI-1842,223.47,2.49
TOI-1846 b,0.0138,0.15987,3.9306737,TOI-1846,47.244,7.2
TOI-1885 b,1.6248,1.2187,6.54406,TOI-1885,560.901,3.7
TOI-1899 b,0.67,0.99,29.090312,TOI-1899,128.4,7.4
TOI-1937 Ab,2.01,1.247,0.94667944,TOI-1937 A,418.7,3.6
TOI-199 Ab,0.17,0.81,104.87236,TOI-199 A,101.7,0.8
TOI-2000 b,0.0324,0.2355,3.098331,TOI-2000,173.6,5.1
TOI-2000 c,0.2382,0.711,9.1270553,TOI-2000,173.6,5.1
TOI-2005 b,6.4,1.07,17.305904,TOI-2005,328.7,1.6
TOI-2010 Ab,1.286,1.054,141.834025,TOI-2010 A,108.26,1.9
TOI-2015 b,0.0289,0.2953,3.348237,TOI-2015,47.32,6.8
TOI-2018 b,0.0289,0.2025,7.435583,TOI-2018,28.038,2.4
TOI-2018 c,0.0113,0.1374,11.244,TOI-2018,28.038,2.4
TOI-2019 b,0.1089,0.505,15.3444,TOI-2019,198.0,6.0
TOI-201 b,0.42,1.0,52.97818,TOI-201,114.2,0.87
TOI-2025 b,4.4,1.12,8.872086,TOI-2025,339.0,1.7
TOI-2031 Ab,0.8,1.267,5.71548654,TOI-2031 A,276.42,2.0
TOI-2068 Ab,0.0138,0.1624,7.768915,TOI-2068 A,52.93,7.0
TOI-2076 b,0.0107,0.2266,10.35523,TOI-2076,41.906,0.21
TOI-2076 c,0.0145,0.2989,21.01549,TOI-2076,41.906,0.21
TOI-2076 d,0.023,0.2935,35.12551,TOI-2076,41.906,0.21
TOI-2084 Ab,0.02121,0.2204,6.0784247,TOI-2084 A,114.29,7.5
TOI-2093 c,0.0497,0.205,53.81149,TOI-2093,82.615,6.6
TOI-2136 b,0.0148,0.1865,7.85191,TOI-2136,33.36,4.6
TOI-2141 b,0.0632,0.28076,18.261608,TOI-2141,77.7,9.0
TOI-2145 b,5.52,1.098,10.261131,TOI-2145,124.6,1.79
TOI-2152 Ab,2.83,1.281,3.3773512,TOI-2152 A,302.8,0.83
TOI-2154 b,0.92,1.453,3.6240801,TOI-2154,296.3,2.9
TOI-2158 b,0.82,0.96,8.60077,TOI-2158,200.0,8.0
TOI-2169 Ab,1.037,1.116,8.2148282,TOI-2169 A,359.8,2.51
TOI-2180 b,2.755,1.01,260.158,TOI-2180,116.3,8.1
TOI-2193 Ab,0.94,1.77,2.1225735,TOI-2193 A,345.3,5.5
TOI-2196 b,0.082,0.3131,1.1947268,TOI-2196,263.98,4.5
TOI-2202 b,0.978,1.0,11.9101,TOI-2202,235.93,7.48
TOI-2207 b,0.64,0.995,8.001968,TOI-2207,380.6,3.3
TOI-220 b,0.0428,0.2694,10.695264,TOI-220,89.0,10.1
TOI-2295 b,0.875,1.47,30.033302,TOI-2295,125.51,10.5
TOI-2322 b,0.00727,0.08868,11.30717,TOI-2322,59.89,3.9
TOI-2322 c,0.0569,0.16719,20.225528,TOI-2322,59.89,3.9
TOI-2337 b,1.0,0.9,2.99432,TOI-2337,540.25,4.9
TOI-2338 b,5.98,1.0,22.65398,TOI-2338,316.0,7.0
TOI-2346 b,1.24,1.438,3.3312029,TOI-2346,436.5,1.9
TOI-2364 b,0.225,0.768,4.0197478,TOI-2364,218.63,3.5
TOI-2373 b,9.3,0.93,13.33668,TOI-2373,509.0,5.9
TOI-2374 Bb,1.194,0.668,4.3136193,TOI-2374 B,134.6,4.1
TOI-2379 b,5.76,1.046,5.4693827,TOI-2379,211.4,10.4
TOI-2382 b,0.74,1.093,4.6612061,TOI-2382,424.3,3.1
TOI-2384 Ab,1.966,1.025,2.13570304,TOI-2384 A,187.0,9.4
TOI-238 b,0.0106,0.13909,1.273099,TOI-238,80.53,6.0
TOI-238 c,0.0211,0.1945,8.465651,TOI-238,80.53,6.0
TOI-2416 b,3.0,0.88,8.275479,TOI-2416,557.733,4.9
TOI-2420 b,0.93,1.34,5.842641,TOI-2420,435.174,5.3
TOI-2431 b,0.0195,0.13703,0.22419577,TOI-2431,36.01,2.0
TOI-2449 b,0.7,1.0,106.14468,TOI-2449,155.01,2.5
TOI-2458 b,0.04188,0.2525,3.73659,TOI-2458,112.958,5.7
TOI-2485 b,2.41,1.08,11.23479,TOI-2485,397.953,6.0
TOI-2497 b,5.21,1.0,10.655661,TOI-2497,285.1,1.0
TOI-2498 b,0.10893,0.5406,3.738252,TOI-2498,277.0,3.6
TOI-251 b,1.0,0.2444,4.93777,TOI-251,99.52,0.18
TOI-2524 b,0.64,1.0,7.18585,TOI-2524,438.8,6.7
TOI-2525 b,0.084,0.774,23.2856,TOI-2525,395.4,3.99
TOI-2525 c,0.657,0.904,49.2519,TOI-2525,395.4,3.99
TOI-2537 b,1.3,1.0,94.1022,TOI-2537,182.4,1.1
TOI-257 b,0.134,0.626,18.38827,TOI-257,77.07,3.11
TOI-2583 Ab,0.25,1.29,4.5207265,TOI-2583 A,561.2,4.4
TOI-2587 Ab,0.218,1.077,5.45664,TOI-2587 A,381.0,6.7
TOI-2589 b,3.5,1.08,61.6277,TOI-2589,202.0,11.0
TOI-2714 b,0.717,1.224,2.499387,TOI-2714,593.0,5.5
TOI-2796 b,0.44,1.59,4.8084983,TOI-2796,352.4,4.0
TOI-2803 Ab,0.975,1.616,1.96229325,TOI-2803 A,501.1,3.7
TOI-2818 b,0.71,1.363,4.039709,TOI-2818,315.0,9.5
TOI-2842 b,0.37,1.146,3.5514058,TOI-2842,460.2,4.7
TOI-2876 b,0.17,0.86,6.2996431,TOI-2876,221.26,3.8
TOI-2886 b,1.4,1.663,1.60200105,TOI-2886,413.7,1.7
TOI-2969 b,1.16,1.1,1.8237146,TOI-2969,162.5,4.5
TOI-2977 Ab,1.68,1.174,2.3505614,TOI-2977 A,355.7,9.8
TOI-2981 b,2.007,1.195,3.601501,TOI-2981,534.0,4.5
TOI-2986 b,0.304,0.829,3.2783662,TOI-2986,554.4,6.3
TOI-2989 b,3.0,1.12,3.122832,TOI-2989,194.9,1.0
TOI-2992 b,3.33,1.227,3.007812,TOI-2992,554.5,4.6
TOI-3023 b,0.62,1.466,3.9014971,TOI-3023,392.8,7.0
TOI-3071 b,0.2146,0.6388,1.266918,TOI-3071,485.22,4.9
TOI-3135 b,1.03,1.218,3.7065585,TOI-3135,219.28,1.8
TOI-3160 Ab,1.19,1.228,3.971281,TOI-3160 A,486.6,5.5
TOI-3321 Ab,0.554,1.39,3.6525145,TOI-3321 A,284.8,8.1
TOI-332 b,0.18,0.285,0.777038,TOI-332,222.85,5.0
TOI-3331 Ab,2.27,1.158,2.0180231,TOI-3331 A,217.193,2.1
TOI-3362 b,4.0,1.2,18.095367,TOI-3362,370.85,2.14
TOI-3364 b,1.67,1.091,5.8768918,TOI-3364,275.6,5.4
TOI-3464 b,1.25,1.228,3.6515568,TOI-3464,585.1,2.1
TOI-3474 b,0.61,1.309,3.8795105,TOI-3474,412.9,4.7
TOI-3486 b,0.312,0.943,2.21778105,TOI-3486,153.85,5.8
TOI-3493 b,0.02822,0.2873,8.1594667,TOI-3493,96.76,7.3
TOI-3523 Ab,1.37,1.425,2.30458952,TOI-3523 A,607.0,4.3
TOI-3540 Ab,1.18,2.1,3.119999,TOI-3540 A,282.4,6.0
TOI-3568 b,0.083,0.473,4.417965,TOI-3568,197.8,6.1
TOI-3593 b,1.78,0.984,3.8212867,TOI-3593,224.51,1.8
TOI-3629 b,0.26,0.74,3.9365578,TOI-3629,129.7,7.0
TOI-3682 Ab,0.218,1.142,3.3462406,TOI-3682 A,390.5,4.2
TOI-3688 Ab,0.98,1.167,3.246075,TOI-3688 A,401.0,3.3
TOI-3714 Ab,0.689,0.994,2.15484802,TOI-3714 A,112.5,2.9
TOI-3757 b,0.2684,1.07,3.438753,TOI-3757,177.4,7.1
TOI-375 b,0.745,0.961,9.45469,TOI-375,403.5,2.94
TOI-3785 b,0.04704,0.4586,4.6747373,TOI-3785,79.4,8.0
TOI-3807 b,1.04,2.0,2.8989727,TOI-3807,429.0,5.6
TOI-3819 b,1.11,1.172,3.2443141,TOI-3819,562.1,4.5
TOI-3856 b,0.54,1.213,2.04360352,TOI-3856,309.3,2.6
TOI-3877 b,0.314,1.042,4.123596,TOI-3877,491.2,5.9
TOI-3912 b,0.406,1.274,3.4936264,TOI-3912,470.0,7.5
TOI-3976 Ab,0.175,1.095,6.607662,TOI-3976 A,522.2,3.8
TOI-3980 b,0.59,1.29,3.6089254,TOI-3980,494.3,4.7
TOI-3984 Ab,0.138,0.71,4.353326,TOI-3984 A,108.4,2.9
TOI-402 Ab,0.02051,0.1579,4.7559804,TOI-402 A,44.86,7.5
TOI-402 Ac,0.02136,0.22536,17.180546,TOI-402 A,44.86,7.5
TOI-4087 b,0.73,1.164,3.1774835,TOI-4087,310.4,0.8
TOI-4138 b,0.63,1.54,3.66003639,TOI-4138,507.0,9.54
TOI-4145 Ab,0.43,1.187,4.0664428,TOI-4145 A,205.0,4.7
TOI-4184 b,6.6,0.2168,4.9019804,TOI-4184,69.2,6.7
TOI-4214 b,0.52,0.953,3.4913885,TOI-4214,337.8,1.1
TOI-421 Ab,0.0211,0.2355,5.197576,TOI-421 A,74.797,9.4
TOI-421 Ac,0.0444,0.4541,16.067541,TOI-421 A,74.797,9.4
TOI-4377 b,0.957,1.35,4.378081,TOI-4377,459.0,3.88
TOI-4379 b,1.113,1.489,3.25352,TOI-4379,617.4,4.51
TOI-4438 b,0.017,0.2248,7.44628,TOI-4438,30.0623,5.1
TOI-4463 Ab,0.794,1.183,2.8807198,TOI-4463 A,177.64,4.1
TOI-4481 b,0.006,0.11874,0.9263237,TOI-4481,12.0641,4.5
TOI-4487 Ab,1.25,1.303,3.9540709,TOI-4487 A,476.7,2.45
TOI-4504 b,0.031,0.24,2.42614,TOI-4504,342.6,10.0
TOI-4504 c,3.767,0.96,82.97213,TOI-4504,342.6,10.0
TOI-4507 b,0.094,0.7333,104.6159518,TOI-4507,178.0,0.7
TOI-4515 b,2.0,1.09,15.266446,TOI-4515,193.8,1.2
TOI-4551 b,1.49,1.06,9.95581,TOI-4551,222.5,4.92
TOI-4559 b,0.0085,0.12624,3.965991,TOI-4559,27.81,7.0
TOI-4582 Ab,0.53,0.94,31.034,TOI-4582 A,380.6,4.0
TOI-4603 b,12.89,1.042,7.24599,TOI-4603,224.14,1.98
TOI-4641 b,3.87,0.73,22.09341,TOI-4641,87.6,2.69
TOI-469 b,0.0186,0.3105,13.63083,TOI-469,68.192,11.7
TOI-469 c,0.0142,0.141,3.53796,TOI-469,68.192,11.7
TOI-469 d,0.016,0.1222,6.42975,TOI-469,68.192,11.7
TOI-4734 b,0.194,0.974,6.235633,TOI-4734,603.6,3.2
TOI-4773 b,5.31,1.36,1.7452851,TOI-4773,502.8,1.07
TOI-4791 b,2.31,1.11,4.28088,TOI-4791,322.1,3.3
TOI-4794 b,0.97,1.281,3.5658116,TOI-4794,548.2,2.7
TOI-481 b,1.53,0.99,10.33111,TOI-481,179.366,6.7
TOI-4914 b,0.714,1.1482,10.60057,TOI-4914,291.7,5.3
TOI-4961 b,1.8,1.101,7.479182,TOI-4961,213.68,8.0
TOI-4994 b,0.28,0.762,21.491984,TOI-4994,330.9,6.3
TOI-5005 b,0.1029,0.5576,6.3085044,TOI-5005,210.08,2.2
TOI-5076 Ab,0.05,0.285,23.445,TOI-5076 A,82.8,9.0
TOI-5108 b,0.101,0.589,6.753581,TOI-5108,131.1,5.8
TOI-5110 b,2.9,1.069,30.158577,TOI-5110,358.92,4.0
TOI-512 b,0.01123,0.1374,7.18886,TOI-512,67.196,8.2
TOI-5153 b,3.26,1.06,20.33003,TOI-5153,390.1,5.4
TOI-5181 Ab,1.04,1.191,3.8922295,TOI-5181 A,478.0,4.1
TOI-5210 b,0.258,0.957,4.5661061,TOI-5210,303.3,5.3
TOI-5218 b,0.799,0.879,4.291452,TOI-5218,381.4,6.7
TOI-521 b,0.0167,0.1766,1.54285047,TOI-521,60.84,0.8
TOI-5261 b,11.49,1.035,4.1509768,TOI-5261,376.7,4.2
TOI-5293 Ab,0.54,1.06,2.930289,TOI-5293 A,160.8,2.9
TOI-5300 b,0.6,0.88,2.262196,TOI-5300,162.7,4.5
TOI-5322 b,0.579,1.482,5.4233207,TOI-5322,483.8,9.7
TOI-532 b,0.1935,0.5192,2.32666508,TOI-532,134.61,7.1
TOI-5340 b,0.85,1.345,4.9394392,TOI-5340,529.9,3.5
TOI-5344 b,0.42,0.87,3.792622,TOI-5344,136.88,10.9
TOI-5350 b,6.59,1.11,7.581367,TOI-5350,280.7,3.1
TOI-5386 Ab,0.488,1.312,3.62156552,TOI-5386 A,383.2,3.4
TOI-5542 b,1.32,1.009,75.12375,TOI-5542,353.7,10.8
TOI-5573 b,0.35,0.87,8.79758977,TOI-5573,185.8,9.7
TOI-558 b,3.61,1.086,14.574071,TOI-558,401.0,1.79
TOI-5592 b,0.899,1.53,2.6085846,TOI-5592,586.9,3.6
TOI-559 b,6.01,1.091,6.9839095,TOI-559,233.2,6.8
TOI-5616 b,0.802,0.961,2.002849,TOI-5616,383.0,7.2
TOI-561 b,0.00636,0.12463,0.4465697,TOI-561,86.01,10.0
TOI-561 c,0.01866,0.2556,10.778838,TOI-561,86.01,10.0
TOI-561 d,0.04194,0.2333,25.71268,TOI-561,86.01,10.0
TOI-561 e,0.039,0.22455,77.144,TOI-561,86.01,10.0
TOI-561 f,0.0601,0.207,433.0,TOI-561,86.01,10.0
TOI-5634 Ab,0.576,0.923,2.2035373,TOI-5634 A,322.5,7.4
TOI-564 Ab,1.463,1.02,1.651144,TOI-564 A,200.7,7.3
TOI-5678 b,0.063,0.438,47.73022,TOI-5678,104.0,8.5
TOI-5688 Ab,0.39,0.919,2.94815527,TOI-5688 A,225.72,7.2
TOI-5713 b,0.0135,0.1579,10.441989,TOI-5713,40.946,4.5
TOI-5786 b,0.23,0.7708,12.779107,TOI-5786,193.8,2.5
TOI-5795 b,0.07444,0.5014,6.1406325,TOI-5795,161.5,10.2
TOI-5799 b,0.0129,0.1543,4.164507,TOI-5799,27.858,9.6
TOI-5799 c,0.0132,0.157,14.010449,TOI-5799,27.858,9.6
TOI-5800 b,0.034,0.2391,2.627882,TOI-5800,42.745,2.5
TOI-5817 b,0.0324,0.2748,15.61031,TOI-5817,80.34,9.7
TOI-6002 b,0.012,0.1472,10.904821,TOI-6002,32.038,4.5
TOI-6029 b,1.635,1.284,5.7987,TOI-6029,596.7,2.31
TOI-6034 Bb,0.798,1.063,2.576184,TOI-6034 B,117.48,7.8
TOI-6038 Ab,0.247,0.5719,5.8267311,TOI-6038 A,177.2,3.65
TOI-603 b,0.1495,0.7075,16.17989,TOI-603,205.924,4.2
TOI-6054 b,0.039,0.2364,7.501437,TOI-6054,78.73,6.0
TOI-6054 c,0.0289,0.25,12.56364,TOI-6054,78.73,6.0
TOI-620 b,0.0485,0.3354,5.0988179,TOI-620,33.022,7.2
TOI-6223 b,0.0805,0.4523,3.855219,TOI-6223,134.17,9.8
TOI-628 b,6.33,1.06,3.4095675,TOI-628,178.5,1.28
TOI-6303 b,7.84,1.03,9.485236,TOI-6303,151.82,6.4
TOI-6330 b,10.0,0.97,6.8500246,TOI-6330,143.51,7.6
TOI-6383 Ab,1.04,1.0072,1.79058695,TOI-6383 A,172.08,1.0
TOI-640 Ab,0.88,1.771,5.0037775,TOI-640 A,341.9,1.99
TOI-6420 b,8.2,1.0,6.961508,TOI-6420,600.5,4.4
TOI-6695 b,0.21,0.85,80.389,TOI-6695,282.67,2.1
TOI-674 b,0.0739,0.4693,1.977143,TOI-674,46.16,5.5
TOI-677 b,1.234,1.17,11.2365985,TOI-677,143.0,2.92
TOI-6883 Ab,4.34,1.087,16.24921,TOI-6883 A,93.73,3.8
TOI-6883 Ac,0.357,0.792,7.8458,TOI-6883 A,93.73,3.8
TOI-700 b,0.00406,0.08154,9.977219,TOI-700,31.127,1.5
TOI-700 c,0.0079,0.232,16.051137,TOI-700,31.127,1.5
TOI-700 d,0.0076,0.09573,37.42396,TOI-700,31.127,1.5
TOI-7041 b,0.36,1.02,9.691,TOI-7041,442.0,10.3
TOI-712 b,0.0176,0.1828,9.531361,TOI-712,58.62,0.83
TOI-712 c,0.0274,0.241,51.69906,TOI-712,58.62,0.83
TOI-712 d,0.0236,0.22072,84.8396,TOI-712,58.62,0.83
TOI-7149 b,0.705,1.18,2.65206166,TOI-7149,127.24,7.8
TOI-733 b,0.018,0.1775,4.884765,TOI-733,75.27,4.4
TOI-757 b,0.033,0.223,17.46819,TOI-757,60.4,7.5
TOI-762 Ab,0.251,0.744,3.4716826,TOI-762 A,98.78,9.3
TOI-771 b,0.00777,0.1213,2.3260155,TOI-771,25.28,6.7
TOI-776 b,0.01466,0.165,8.24664,TOI-776,27.19,7.8
TOI-776 c,0.0217,0.1829,15.665323,TOI-776,27.19,7.8
TOI-778 b,2.8,1.374,4.633611,TOI-778,162.0,1.95
TOI-815 Ab,0.0239,0.2623,11.197259,TOI-815 A,59.437,0.2
TOI-815 Ac,0.0739,0.2337,34.976145,TOI-815 A,59.437,0.2
TOI-824 b,0.058104,0.26104,1.392978,TOI-824,63.71,10.9
TOI-836 b,0.01425,0.15202,3.81673,TOI-836,27.504,5.4
TOI-836 c,0.0302,0.2308,8.59545,TOI-836,27.504,5.4
TOI-837 Ab,0.395,0.817,8.3249114,TOI-837 A,142.488,0.035
TOI-849 b,0.1315,0.30726,0.765548,TOI-849,225.2,6.7
TOI-858 Bb,1.1,1.255,3.2797178,TOI-858 B,251.7,6.8
TOI-871 b,0.012,0.1481,14.362565,TOI-871,68.04,5.9
TOI-880 Ab,0.0098,0.1954,2.57571,TOI-880 A,60.67,5.2
TOI-880 Ac,0.0717,0.4416,6.3872703,TOI-880 A,60.67,5.2
TOI-880 Ad,0.0412,0.303,14.33201,TOI-880 A,60.67,5.2
TOI-892 b,0.95,1.07,10.62656,TOI-892,340.543,2.2
TOI-905 Ab,0.667,1.171,3.739494,TOI-905 A,159.4,3.4
TOI-908 b,0.050773,0.28424,3.183792,TOI-908,175.7,4.6
TOI-912 b,0.016,0.1722,4.6780691,TOI-912,26.089,0.8
TOI-942 b,2.599,0.4291,4.32419,TOI-942,153.2732,0.05
TOI-942 c,2.501,0.5166,10.15643,TOI-942,153.2732,0.05
TOI-954 Ab,0.174,0.852,3.6849729,TOI-954 A,235.7,6.14
TOI-969 b,0.0286,0.24668,1.8237305,TOI-969,77.83,4.76
TRAPPIST-1 b,0.0027,0.09689,1.51087081,TRAPPIST-1,12.1,7.6
TRAPPIST-1 c,0.00434,0.09421,2.4218233,TRAPPIST-1,12.1,7.6
TRAPPIST-1 d,0.0013,0.0689,4.04961,TRAPPIST-1,12.1,7.6
TRAPPIST-1 e,0.002,0.0819,6.099615,TRAPPIST-1,12.1,7.6
TRAPPIST-1 f,0.0021,0.09323,9.20669,TRAPPIST-1,12.1,7.6
TRAPPIST-1 g,0.00422,0.1005,12.35294,TRAPPIST-1,12.1,7.6
TRAPPIST-1 h,0.001041,0.0674,20.0,TRAPPIST-1,12.1,7.6
TrES-1 Ab,0.761,1.099,3.0300722,TrES-1 A,159.66,3.7
TrES-2 Ab,1.253,1.189,2.4706133738,TrES-2 A,220.0,5.1
TrES-4 Ab,0.917,1.706,3.5539268,TrES-4 A,479.0,2.9
TrES-5 b,1.778,1.209,1.4822446,TrES-5,360.0,7.38
WASP-102 b,0.621,1.33,2.709813,WASP-102,535.689,0.67
WASP-103 b,1.49,1.528,0.925542,WASP-103,470.0,4.0
WASP-107 b,0.12,0.94,5.72149,WASP-107,64.74,3.4
WASP-108 Ab,1.167,1.215,2.6755463,WASP-108 A,220.0,4.6
WASP-109 b,0.91,1.443,3.3190233,WASP-109,330.0,2.6
WASP-10 b,3.16,1.08,3.0927616,WASP-10,90.0,0.8
WASP-110 b,0.515,1.238,3.7783977,WASP-110,320.0,8.6
WASP-111 Ab,1.85,1.442,2.310965,WASP-111 A,298.109,2.6
WASP-112 b,0.88,1.191,3.0353992,WASP-112,450.0,10.6
WASP-114 Ab,1.769,1.339,1.5487743,WASP-114 A,460.0,6.4
WASP-116 b,0.64,1.22,6.6132,WASP-116,559.243,1.7
WASP-118 Ab,0.514,1.44,4.0460435,WASP-118 A,376.658,1.17
WASP-119 b,1.23,1.4,2.49979,WASP-119,333.0,8.0
WASP-120 Ab,5.06,1.515,3.6112706,WASP-120 A,381.174,2.6
WASP-123 Ab,0.92,1.327,2.977641,WASP-123 A,197.996,6.9
WASP-124 b,0.6,1.24,3.37265,WASP-124,433.0,2.1
WASP-126 b,0.2841,0.96,3.2888,WASP-126,234.0,6.4
WASP-127 Ab,0.17,1.293,4.17806348,WASP-127 A,159.507,11.41
WASP-129 Ab,1.0,0.93,5.748145,WASP-129 A,246.0,1.0
WASP-12 Ab,1.47,1.9,1.09141937,WASP-12 A,432.5,1.7
WASP-130 Ab,1.23,0.89,11.55098,WASP-130 A,180.0,2.0
WASP-131 Ab,0.27,1.19,5.3220096,WASP-131 A,250.0,7.25
WASP-132 b,0.428,0.901,7.1335164,WASP-132,123.17,7.2
WASP-132 c,0.0197,0.16424,1.01153624,WASP-132,123.17,7.2
WASP-133 b,1.16,1.21,2.176423,WASP-133,457.0,6.8
WASP-134 b,1.412,0.988,10.1467583,WASP-134,195.0,5.1
WASP-135 b,1.9,1.3,1.4013794,WASP-135,300.0,4.4
WASP-136 Ab,1.51,1.38,5.215357,WASP-136 A,275.587,3.62
WASP-137 Ab,0.681,1.27,3.9080284,WASP-137 A,289.0,4.3
WASP-139 Ab,0.117,0.8,5.924262,WASP-139 A,212.472,0.5
WASP-140 Ab,2.44,1.44,2.2359835,WASP-140 A,180.0,1.6
WASP-141 b,2.69,1.21,3.310651,WASP-141,570.0,4.0
WASP-142 b,0.84,1.53,2.052868,WASP-142,840.0,2.0
WASP-143 b,0.725,1.234,3.778873,WASP-143,402.0,1.9
WASP-146 b,1.11,1.228,3.396944,WASP-146,495.0,6.9
WASP-147 b,0.275,1.115,4.60273,WASP-147,426.0,8.47
WASP-149 b,0.991,1.36,1.332813,WASP-149,211.73,0.6
WASP-14 Ab,7.341,1.281,2.2437661,WASP-14 A,160.0,0.75
WASP-151 b,0.31,1.13,4.533471,WASP-151,480.0,5.1
WASP-153 Ab,0.39,1.55,3.332609,WASP-153 A,430.0,4.0
WASP-155 b,0.871,1.2,3.110413,WASP-155,399.63,1.7
WASP-156 b,0.1303,0.554,3.8361623,WASP-156,140.0,6.4
WASP-157 b,0.576,0.998,3.951623,WASP-157,337.71,1.0
WASP-15 b,0.542,1.428,3.7520656,WASP-15,308.0,3.9
WASP-163 Ab,1.87,1.202,1.6096884,WASP-163 A,261.386,11.4
WASP-166 b,0.102,0.6155,5.44354215,WASP-166,113.0,2.1
WASP-167 b,0.37,1.62,2.0219583,WASP-167,381.0,1.29
WASP-168 Ab,0.42,1.5,4.153658,WASP-168 A,303.941,1.0
WASP-169 b,0.561,1.304,5.6114118,WASP-169,638.0,3.8
WASP-170 Ab,1.6,1.096,2.34478022,WASP-170 A,305.603,4.8
WASP-171 b,1.084,0.988,3.8186244,WASP-171,774.0,5.908
WASP-175 Ab,0.99,1.208,3.0652907,WASP-175 A,584.0,1.745
WASP-177 b,0.508,1.58,3.071722,WASP-177,178.0,9.7
WASP-178 b,1.41,1.94,3.3448285,WASP-178,417.0,0.43
WASP-181 b,0.299,1.184,4.5195064,WASP-181,443.0,2.5
WASP-182 b,0.148,0.85,3.3769848,WASP-182,331.0,5.952
WASP-183 b,0.502,1.47,4.1117771,WASP-183,328.0,14.9
WASP-189 Ab,1.99,1.619,2.724033,WASP-189 A,99.0,0.855
WASP-18 Ab,10.4296,1.165,0.9414518,WASP-18 A,100.0,0.63
WASP-193 Ab,0.139,1.464,6.2463345,WASP-193 A,377.72,6.6
WASP-194 Ab,1.174,1.381,3.183387,WASP-194 A,476.831,0.75
WASP-195 b,0.104,0.92,5.051928,WASP-195,484.852,0.6
WASP-197 b,1.269,1.289,5.167228,WASP-197,483.675,2.6
WASP-19 Ab,1.139,1.41,0.78884,WASP-19 A,266.54,6.4
WASP-1 Ab,0.947,1.514,2.5199448,WASP-1 A,393.072,3.0
WASP-20 Ab,0.313,1.459,4.8996285,WASP-20 A,210.0,7.0
WASP-24 Ab,1.071,1.3,2.3412127,WASP-24 A,332.5,1.6
WASP-26 Ab,1.028,1.281,2.7566004,WASP-26 A,250.0,6.0
WASP-28 b,0.907,1.213,3.40883,WASP-28,410.0,5.0
WASP-29 Ab,0.243,0.775,3.92271218,WASP-29 A,80.0,15.0
WASP-31 b,0.478,1.537,3.405909,WASP-31,400.0,1.0
WASP-33 Ab,2.8,1.603,1.21986967,WASP-33 A,116.0,0.1
WASP-34 b,0.58,1.26,4.31768509,WASP-34,120.0,6.7
WASP-36 Ab,2.279,1.269,1.5373653,WASP-36 A,450.0,3.0
WASP-37 b,1.8,1.16,3.577471,WASP-37,338.0,11.0
WASP-38 b,2.712,1.079,6.871815,WASP-38,110.0,5.0
WASP-3 Ab,1.81,1.392,1.8468354,WASP-3 A,231.161,2.1
WASP-49 Ab,0.399,1.198,2.7817387,WASP-49 A,194.553,11.9
WASP-50 b,1.437,1.138,1.9550959,WASP-50,230.0,8.1
WASP-52 b,0.46,1.27,1.74977083,WASP-52,140.0,0.4
WASP-54 Ab,0.63,1.57,3.6935995,WASP-54 A,251.303,6.9
WASP-55 Ab,0.61,1.33,4.46563,WASP-55 A,299.97,3.0
WASP-56 Ab,0.599,1.092,4.617101,WASP-56 A,321.084,6.2
WASP-58 Ab,0.89,1.37,5.01718,WASP-58 A,300.0,3.2
WASP-59 Ab,0.863,0.775,7.919585,WASP-59 A,125.0,0.5
WASP-5 b,1.637,1.171,1.6284246,WASP-5,297.0,3.0
WASP-60 b,0.514,0.86,4.3050011,WASP-60,400.0,3.6
WASP-64 Bb,1.221,1.271,1.5732918,WASP-64 B,369.926,7.0
WASP-68 Ab,0.95,1.24,5.084298,WASP-68 A,226.7,5.7
WASP-69 b,0.26,1.057,3.8681382,WASP-69,50.0,2.0
WASP-6 b,0.503,1.224,3.361006,WASP-6,307.0,11.0
WASP-70 Ab,0.59,1.164,3.7130203,WASP-70 A,245.0,9.5
WASP-72 Ab,1.446,1.27,2.2167421,WASP-72 A,434.754,5.0
WASP-74 b,0.826,1.248,2.13775138,WASP-74,120.0,2.0
WASP-75 Ab,1.07,1.27,2.484193,WASP-75 A,260.0,3.5
WASP-7 b,0.96,1.33,4.9546416,WASP-7,140.0,2.4
WASP-83 b,0.3,1.04,4.071252,WASP-83,300.0,5.0
WASP-84 b,0.692,0.9564,8.5234964,WASP-84,120.0,1.0
WASP-84 c,0.0478,0.174,1.4468849,WASP-84,120.0,1.0
WASP-87 Ab,2.21,1.385,1.682795,WASP-87 A,240.0,3.8
WASP-8 Ab,2.244,1.038,8.158715,WASP-8 A,87.0,4.0
WASP-98 Ab,0.83,1.1,2.96264,WASP-98 A,281.742,10.5
Wolf 503 b,0.0197,0.18227,6.001127,Wolf 503,44.583,11.0
WTS-1 b,4.01,1.49,3.352059,WTS-1,3200.0,2.5
WTS-2 b,1.12,1.3,1.0187074,WTS-2,1000.0,0.6
XO-1 b,0.9,1.184,3.9415128,XO-1,200.0,4.5
XO-2N b,0.62,0.973,2.615838,XO-2N,149.0,2.0
XO-3 Ab,11.79,1.217,3.1915239,XO-3 A,260.0,2.82
XO-4 b,1.616,1.317,4.12473,XO-4,293.0,2.1
XO-5 b,1.077,1.03,4.1877537,XO-5,255.0,8.5
XO-6 b,4.47,2.17,3.7649923,XO-6,86.0,1.88
XO-7 b,0.726,1.346,2.86413296,XO-7,234.1,1.18
